I , Q   (centre=5000.000 MHz ; BW=5.000 MHz ; fs=10.000 MSa/s)
2.545003779e-03,2.692849375e-03
2.673046198e-03,3.191025695e-03
2.816410968e-03,4.015704151e-03
2.986926818e-03,4.717471544e-03
2.834543353e-03,4.848419223e-03
2.247446915e-03,4.351547919e-03
1.411627862e-03,3.178304527e-03
3.851572692e-04,1.424866379e-03
-7.026976673e-04,-2.801316441e-04
-1.364004100e-03,-1.321962569e-03
-1.728873933e-03,-1.480483566e-03
-1.754923840e-03,-6.574948202e-04
-1.322574914e-03,8.595099207e-04
-8.559783455e-04,2.520178445e-03
-2.582255984e-04,3.837921191e-03
3.226383997e-04,4.342918284e-03
8.822513628e-04,3.885093844e-03
1.360586495e-03,2.672466915e-03
1.549676294e-03,1.133019920e-03
1.516221440e-03,-3.763758577e-04
1.074839500e-03,-1.595904469e-03
1.934235479e-04,-2.352619777e-03
-1.081755501e-03,-2.787944861e-03
-2.228274941e-03,-2.963701263e-03
-2.988692606e-03,-3.074916545e-03
-3.231334733e-03,-3.137639491e-03
-2.699338133e-03,-3.136856249e-03
-1.595439273e-03,-3.152624937e-03
-7.350750093e-05,-2.991554793e-03
1.244515297e-03,-2.818252658e-03
2.255407162e-03,-2.690357389e-03
2.735783346e-03,-2.686711960e-03
2.661217237e-03,-2.784593729e-03
2.496563597e-03,-2.916286234e-03
2.231659368e-03,-3.141038120e-03
2.291719429e-03,-3.096006112e-03
2.721894532e-03,-2.969966736e-03
3.397592809e-03,-2.852580743e-03
3.998896107e-03,-2.628194401e-03
4.156244919e-03,-2.530160826e-03
3.918937873e-03,-2.533863066e-03
3.069785424e-03,-2.664696658e-03
1.832223963e-03,-2.833778970e-03
6.796619273e-04,-2.960910089e-03
-1.019355259e-04,-2.929895185e-03
-1.849649125e-04,-2.790380036e-03
4.442679929e-04,-2.695934614e-03
1.589653082e-03,-2.408070723e-03
2.759811236e-03,-1.957869390e-03
3.816869576e-03,-1.446174341e-03
4.437619820e-03,-6.824102602e-04
4.343065433e-03,3.353928041e-04
3.859452205e-03,1.486564055e-03
3.105746349e-03,2.619512845e-03
2.425994258e-03,3.545680549e-03
1.904801116e-03,4.237783607e-03
1.586847706e-03,4.528884776e-03
1.442884910e-03,4.468692001e-03
1.359656104e-03,4.191147164e-03
1.354206936e-03,3.858502954e-03
1.265063765e-03,3.918733913e-03
1.171957119e-03,4.163364880e-03
1.036158530e-03,4.387043882e-03
8.807276608e-04,4.557336681e-03
6.915429258e-04,4.382449202e-03
2.161650191e-04,3.824625630e-03
-3.167050018e-04,2.772845561e-03
-1.009942498e-03,1.375367749e-03
-1.844048034e-03,-9.220952052e-05
-2.529847436e-03,-1.447199611e-03
-3.125957912e-03,-2.497061854e-03
-3.539063735e-03,-3.272540867e-03
-3.685513977e-03,-3.697508713e-03
-3.548789769e-03,-3.816442331e-03
-3.243628656e-03,-3.651764710e-03
-2.736286493e-03,-3.139405278e-03
-2.110793954e-03,-2.333039418e-03
-1.467558206e-03,-1.313427929e-03
-8.225615020e-04,-2.618141007e-04
-1.854823058e-04,7.005427033e-04
5.580512807e-04,1.397326007e-03
1.198139973e-03,1.719798194e-03
1.753438148e-03,1.640547183e-03
2.108226065e-03,1.293050358e-03
2.114923671e-03,9.720448288e-04
1.701243338e-03,6.442562444e-04
8.428869187e-04,5.013898481e-04
-1.838114695e-04,6.108774105e-04
-1.205316978e-03,6.342881825e-04
-1.746707363e-03,5.686696968e-04
-1.672198297e-03,3.441741865e-04
-9.624137310e-04,-1.189144969e-04
4.352492688e-04,-6.336378865e-04
2.024214016e-03,-1.262253732e-03
3.420984605e-03,-1.729638199e-03
4.546865355e-03,-1.872409601e-03
5.160234869e-03,-1.778576756e-03
5.258956924e-03,-1.418472617e-03
5.000745412e-03,-1.083131996e-03
4.432972986e-03,-7.687291363e-04
3.714933991e-03,-5.893842899e-04
2.909090370e-03,-6.740608369e-04
2.042066306e-03,-8.332700818e-04
1.100125141e-03,-9.655370959e-04
1.719826687e-04,-1.175270299e-03
-6.988670793e-04,-1.290686429e-03
-1.456887694e-03,-1.257976983e-03
-1.908071572e-03,-1.175493351e-03
-1.981170848e-03,-1.131235156e-03
-1.857737545e-03,-1.175099402e-03
-1.478959806e-03,-9.745368152e-04
-9.419601993e-04,-7.275229436e-04
-2.884051355e-04,-4.846007796e-04
4.201120173e-04,-1.734731341e-04
9.501767345e-04,-1.898682626e-06
1.437606523e-03,-8.216548849e-06
1.842989470e-03,-2.495438675e-04
2.064342611e-03,-7.156419451e-04
2.056330210e-03,-1.233673771e-03
1.713698730e-03,-1.501293154e-03
9.010293288e-04,-1.333454275e-03
-1.666853495e-04,-7.784931222e-04
-1.485040411e-03,-1.469105700e-05
-2.833000617e-03,6.740798126e-04
-3.779047634e-03,1.032180851e-03
-4.418357741e-03,8.584845928e-04
-4.412424751e-03,1.848699758e-04
-3.887847066e-03,-8.565147291e-04
-3.125326475e-03,-2.139169723e-03
-2.301094122e-03,-3.283292288e-03
-1.803549123e-03,-4.080710467e-03
-1.583107281e-03,-4.766305909e-03
-1.748938230e-03,-5.125593394e-03
-1.951489714e-03,-5.248670932e-03
-1.965250354e-03,-5.106312223e-03
-1.575465198e-03,-4.288212862e-03
-7.033147849e-04,-2.991611836e-03
5.148894852e-04,-1.260710997e-03
1.786498935e-03,5.278527387e-04
2.637939528e-03,1.717771403e-03
2.956766170e-03,1.960750669e-03
2.527132398e-03,1.215527183e-03
1.637832145e-03,-4.116343916e-04
6.446265033e-04,-2.264274051e-03
-1.453394070e-04,-3.507322399e-03
-3.047148348e-04,-3.650597064e-03
1.991528261e-04,-2.590500982e-03
1.250353758e-03,-5.916152732e-04
2.446765779e-03,1.680414774e-03
3.197642509e-03,3.354825079e-03
3.365666606e-03,4.020574503e-03
2.708299784e-03,3.516341327e-03
1.445561997e-03,2.178387018e-03
2.359113132e-04,5.774083547e-04
-7.380843745e-04,-8.060667315e-04
-1.015073736e-03,-1.603508717e-03
-6.400886341e-04,-1.855800860e-03
3.020187141e-04,-1.666411990e-03
1.411162666e-03,-1.129953540e-03
2.159718191e-03,-4.226420133e-04
2.619768959e-03,3.463861649e-04
2.584866481e-03,1.351638930e-03
2.235827036e-03,2.525869757e-03
1.635529916e-03,3.551614005e-03
9.734783089e-04,4.073813558e-03
1.476035832e-04,3.951941617e-03
-8.193242829e-04,3.176704980e-03
-1.735751983e-03,1.648915699e-03
-2.706515137e-03,-1.989819430e-04
-3.351198509e-03,-1.812344766e-03
-3.365908517e-03,-2.814569278e-03
-2.654244425e-03,-3.144740593e-03
-1.324976678e-03,-2.820687601e-03
1.811865368e-04,-2.183257136e-03
1.324938727e-03,-1.785198343e-03
1.679669600e-03,-1.635026769e-03
1.067975769e-03,-2.003499307e-03
-1.758892176e-04,-2.824594267e-03
-1.628295984e-03,-3.590940498e-03
-2.745827427e-03,-4.205111880e-03
-2.908938332e-03,-4.423042759e-03
-2.022913424e-03,-4.139526747e-03
-4.084540997e-04,-3.579339478e-03
1.505940105e-03,-2.969819587e-03
2.960411832e-03,-2.570792567e-03
3.423291491e-03,-2.619360806e-03
3.006711137e-03,-3.129233140e-03
1.780660474e-03,-3.776925849e-03
2.608505019e-04,-4.319991916e-03
-7.452993887e-04,-4.437824246e-03
-9.412149666e-04,-3.858298762e-03
-3.262648825e-04,-2.808175283e-03
9.384428849e-04,-1.392360893e-03
2.298397943e-03,1.313888351e-04
3.264362225e-03,1.503205975e-03
3.429258242e-03,2.467328683e-03
2.827437595e-03,2.990178298e-03
1.790163456e-03,3.237586236e-03
3.993783903e-04,3.104910953e-03
-7.418058231e-04,2.719867509e-03
-1.443611109e-03,2.018152503e-03
-1.713124337e-03,1.062080381e-03
-1.617620699e-03,5.920567128e-05
-1.312853652e-03,-9.032982634e-04
-8.212799439e-04,-1.492981566e-03
-4.217496316e-04,-1.374029205e-03
-2.595973820e-05,-5.862752441e-04
3.485411580e-04,7.111231098e-04
6.934748380e-04,2.381346654e-03
1.059460221e-03,3.807295347e-03
1.208758331e-03,4.599710461e-03
1.185921952e-03,4.967091605e-03
1.095587388e-03,4.843581934e-03
7.939436473e-04,4.361715633e-03
4.587359726e-04,3.881173208e-03
1.588722662e-04,3.524856875e-03
-1.383095369e-04,3.316946328e-03
-1.438679319e-04,3.131407080e-03
-9.189623961e-05,3.001522971e-03
-3.176021346e-05,2.876864979e-03
3.014158665e-06,2.775579691e-03
-2.205367346e-04,2.832810860e-03
-4.277921980e-04,2.812414197e-03
-6.077160942e-04,2.758918796e-03
-6.012463127e-04,2.570493612e-03
-2.710939152e-04,1.919729519e-03
3.248693538e-04,9.769909084e-04
1.195315621e-03,-3.054031113e-04
1.981764333e-03,-1.625913195e-03
2.341702348e-03,-2.592399484e-03
2.080837497e-03,-3.115529427e-03
1.177126309e-03,-3.021715442e-03
-1.875661110e-04,-2.515213331e-03
-1.603916869e-03,-1.722902642e-03
-2.495187102e-03,-8.744572988e-04
-2.755700611e-03,-5.087520185e-05
-2.229874488e-03,6.988291279e-04
-9.952324908e-04,1.174506033e-03
5.005924031e-04,1.498464029e-03
1.942936215e-03,1.621171134e-03
2.961546183e-03,1.418676693e-03
3.626512364e-03,8.789761341e-04
3.882174613e-03,6.249513535e-05
3.945305943e-03,-8.112358628e-04
4.006576259e-03,-1.545864623e-03
3.962412942e-03,-1.983212074e-03
4.090773407e-03,-2.060663886e-03
4.173798021e-03,-1.795906923e-03
4.170674831e-03,-1.332096756e-03
4.161898047e-03,-9.570404654e-04
4.032645375e-03,-6.288958830e-04
3.843830666e-03,-3.497325815e-04
3.663427429e-03,-1.757420687e-04
3.590717446e-03,-3.393420411e-05
3.391365288e-03,1.317638234e-04
3.211104311e-03,1.556207717e-04
3.136894200e-03,-9.276963101e-05
3.025047714e-03,-2.844843548e-04
2.928670496e-03,-4.873538564e-04
2.729109488e-03,-4.579907400e-04
2.425491111e-03,1.550749039e-05
1.951845712e-03,8.130776114e-04
1.256249147e-03,2.094375202e-03
5.417416105e-04,3.344785888e-03
3.596104943e-05,4.077995196e-03
2.952926116e-05,4.136460368e-03
3.201463842e-04,3.343817545e-03
8.300945628e-04,1.966759795e-03
1.472765347e-03,4.838934983e-04
1.716788858e-03,-7.298868150e-04
1.309578423e-03,-1.500695013e-03
1.730601798e-04,-1.648991602e-03
-1.422896516e-03,-1.216642559e-03
-3.181783948e-03,-5.307150423e-04
-4.342676606e-03,2.664658532e-04
-4.533085972e-03,9.906756459e-04
-3.932138439e-03,1.432228484e-03
-2.542900853e-03,1.717178035e-03
-8.678024169e-04,1.860936871e-03
4.610950709e-04,1.745387795e-03
1.162848203e-03,1.196374185e-03
1.114370069e-03,1.647154713e-04
4.457727191e-04,-1.108161407e-03
-3.793140640e-04,-2.543755341e-03
-1.162159955e-03,-3.795950674e-03
-1.604975434e-03,-4.611444660e-03
-1.558842137e-03,-4.875176121e-03
-1.274860930e-03,-4.611966666e-03
-8.636015700e-04,-4.155314527e-03
-4.900119966e-04,-3.665933618e-03
-1.952842576e-04,-3.417097032e-03
7.549636939e-05,-3.379555419e-03
2.725796367e-04,-3.519426566e-03
3.847063344e-04,-3.644701792e-03
4.272890219e-04,-3.422679147e-03
1.880882483e-04,-2.934936201e-03
-2.389064903e-04,-2.084705979e-03
-6.987579400e-04,-9.483018075e-04
-1.077122637e-03,2.260001929e-04
-1.256600372e-03,1.264688792e-03
-1.212887932e-03,2.161427168e-03
-6.782663986e-04,3.084699390e-03
-1.115476061e-05,3.819475416e-03
7.548023132e-04,4.261360504e-03
1.613215660e-03,4.421685357e-03
2.257210901e-03,4.140979145e-03
2.891774289e-03,3.355010180e-03
3.265606007e-03,2.160164528e-03
3.347425023e-03,9.736824431e-04
3.066457808e-03,7.800737512e-05
2.302655950e-03,-2.662237966e-04
1.164946239e-03,1.354425185e-04
-3.955857828e-04,1.056745066e-03
-1.910696505e-03,2.073119394e-03
-3.214915982e-03,2.855813364e-03
-4.076305311e-03,3.004703205e-03
-4.329509102e-03,2.370154019e-03
-4.160502460e-03,1.139361528e-03
-3.587556072e-03,-4.482457298e-04
-3.024544567e-03,-1.799775520e-03
-2.660789993e-03,-2.770946827e-03
-2.624995308e-03,-3.221665742e-03
-2.794319764e-03,-3.157442668e-03
-2.888204763e-03,-2.978316275e-03
-2.994179726e-03,-2.856131410e-03
-3.005595645e-03,-2.939046826e-03
-2.824015217e-03,-3.293630434e-03
-2.617690014e-03,-3.879535478e-03
-2.381645842e-03,-4.268499557e-03
-2.155403607e-03,-4.444018472e-03
-2.169757616e-03,-4.213347565e-03
-2.245738171e-03,-3.481324762e-03
-2.301113214e-03,-2.516699024e-03
-2.334620105e-03,-1.403406495e-03
-2.320897533e-03,-4.906433169e-04
-2.357157413e-03,1.476985199e-04
-2.377126832e-03,3.793330688e-04
-2.395515563e-03,1.755521953e-04
-2.286735456e-03,-1.150269381e-04
-1.961362781e-03,-2.547320037e-04
-1.477232086e-03,-8.923808491e-05
-6.743978593e-04,4.812353582e-04
3.641246003e-04,1.327112666e-03
1.468621544e-03,2.279985463e-03
2.462980570e-03,2.785191871e-03
3.242010018e-03,2.679795958e-03
3.788455622e-03,2.009394811e-03
4.036902916e-03,7.263125735e-04
4.130417947e-03,-5.478221574e-04
4.007820040e-03,-1.277039642e-03
3.839088837e-03,-1.215322991e-03
3.698439104e-03,-2.645861823e-04
3.449398559e-03,1.303217839e-03
3.175869584e-03,2.949660411e-03
2.740079071e-03,4.111692309e-03
2.112559741e-03,4.438218195e-03
1.411219593e-03,3.876450239e-03
4.686660832e-04,2.622579224e-03
-5.340044736e-04,1.124841277e-03
-1.273783506e-03,-2.741080534e-04
-1.849758322e-03,-1.385649084e-03
-2.165832091e-03,-1.977392472e-03
-2.190120984e-03,-2.130673267e-03
-2.011070494e-03,-2.106422326e-03
-1.960660331e-03,-1.855188515e-03
-2.235157648e-03,-1.304314239e-03
-2.800400136e-03,-5.812911550e-04
-3.759913845e-03,3.592687135e-04
-4.562653136e-03,1.309227082e-03
-4.965657834e-03,1.872817869e-03
-4.640641622e-03,1.911251922e-03
-3.446441144e-03,1.439016312e-03
-1.727630268e-03,5.097583053e-04
1.546144777e-04,-8.148053894e-04
1.458933461e-03,-1.909913379e-03
1.808737288e-03,-2.479456365e-03
9.834273951e-04,-2.498163143e-03
-6.585723022e-04,-2.003594302e-03
-2.456899965e-03,-1.172645367e-03
-3.834365867e-03,-2.495818189e-04
-4.102934618e-03,3.929086379e-04
-3.241601866e-03,7.510998403e-04
-1.667304430e-03,8.194761467e-04
2.602714230e-04,7.470081910e-04
1.745145652e-03,7.138382061e-04
2.295293612e-03,7.718714769e-04
1.937377732e-03,8.933681529e-04
8.680064930e-04,1.007227460e-03
-3.419384884e-04,9.513681871e-04
-1.401920803e-03,6.655452307e-04
-1.916534966e-03,1.739715372e-04
-1.782948384e-03,-5.433222977e-04
-1.291801920e-03,-1.206598594e-03
-5.860521342e-04,-1.866158214e-03
3.164629379e-05,-2.410263754e-03
4.745045153e-04,-2.805384342e-03
6.685213884e-04,-3.136001993e-03
5.949427141e-04,-3.176685888e-03
3.939671442e-04,-3.116364824e-03
1.518993522e-04,-2.751755994e-03
-9.686129488e-05,-1.892231870e-03
-4.889534903e-04,-7.114743348e-04
-8.066980517e-04,6.702871760e-04
-1.034264686e-03,1.941616647e-03
-1.367668621e-03,2.843263093e-03
-1.761061372e-03,3.127391450e-03
-2.050638897e-03,2.701887162e-03
-2.319373656e-03,1.744718407e-03
-2.496506553e-03,5.221614847e-04
-2.248154255e-03,-6.116416189e-04
-1.699885819e-03,-1.269506640e-03
-8.080746047e-04,-1.509789727e-03
2.708708053e-04,-1.357458415e-03
1.162454253e-03,-9.470154182e-04
1.624593511e-03,-5.555972457e-04
1.511242241e-03,-9.633915761e-05
7.460635970e-04,3.568906395e-04
-5.223086337e-04,8.117200341e-04
-2.021166729e-03,1.268467167e-03
-3.457842860e-03,1.576955663e-03
-4.535615910e-03,1.782018109e-03
-5.134740379e-03,1.788933994e-03
-5.294600036e-03,1.413744874e-03
-5.168029107e-03,8.956038509e-04
-4.689655732e-03,4.753589164e-04
-3.853855887e-03,3.617987095e-04
-2.863123314e-03,6.813897053e-04
-1.748530078e-03,1.251246082e-03
-6.496295100e-04,1.775975572e-03
2.185288758e-04,1.922131400e-03
7.587088621e-04,1.431692159e-03
8.540416602e-04,2.861362300e-04
5.833038012e-04,-1.320419833e-03
-1.376070213e-05,-2.991758985e-03
-7.036660099e-04,-4.201390781e-03
-1.328470302e-03,-4.719294142e-03
-1.885980484e-03,-4.326276481e-03
-2.147500170e-03,-3.162013832e-03
-2.190752188e-03,-1.682982780e-03
-1.950597391e-03,-2.349809656e-04
-1.390690100e-03,8.038737578e-04
-6.197679904e-04,1.377655659e-03
5.194843397e-04,1.613585977e-03
1.681530266e-03,1.705781207e-03
2.604190493e-03,1.778448583e-03
3.235426499e-03,2.030555625e-03
3.488482907e-03,2.552716993e-03
3.390173893e-03,3.098754445e-03
3.090053797e-03,3.543862607e-03
2.892614575e-03,3.669508034e-03
2.754566027e-03,3.326653270e-03
2.783796284e-03,2.713060938e-03
2.916376572e-03,1.924827462e-03
3.014001995e-03,1.140367822e-03
3.162906272e-03,4.510557919e-04
3.232117975e-03,-2.601195229e-05
3.399956739e-03,-3.290749155e-04
3.516526427e-03,-5.687219091e-04
3.404361662e-03,-6.082571927e-04
3.126090858e-03,-4.277921980e-04
2.313625533e-03,8.421606617e-05
1.061059767e-03,7.949831779e-04
-4.140314704e-04,1.776345773e-03
-1.994352555e-03,2.668954432e-03
-3.309916472e-03,3.041798715e-03
-4.078835249e-03,2.897185506e-03
-4.248326179e-03,1.940686256e-03
-3.959085792e-03,5.553361843e-04
-3.443745198e-03,-9.213167359e-04
-3.036335343e-03,-2.173160901e-03
-2.846367424e-03,-2.664046362e-03
-2.850088757e-03,-2.470546868e-03
-3.088230966e-03,-1.695067855e-03
-3.447039286e-03,-5.869112792e-04
-3.797958605e-03,3.144408402e-04
-4.114777315e-03,9.619865450e-04
-4.360861145e-03,1.299277996e-03
-4.467467312e-03,1.272074645e-03
-4.415528849e-03,1.011428190e-03
-4.029464908e-03,5.931199994e-04
-3.230409231e-03,6.507734724e-06
-2.154250164e-03,-8.646030910e-04
-7.105629775e-04,-1.918167807e-03
7.864485960e-04,-2.855106024e-03
2.022690373e-03,-3.376080887e-03
2.994626062e-03,-3.343295306e-03
3.544456093e-03,-2.531537320e-03
3.640610026e-03,-1.129099051e-03
3.421430942e-03,3.109235258e-04
3.006991232e-03,1.436040155e-03
2.455020323e-03,1.874730806e-03
1.678872155e-03,1.352645224e-03
8.820662624e-04,1.580558310e-04
2.988383931e-04,-1.230232418e-03
-4.010966950e-05,-2.497341949e-03
8.293445717e-05,-3.285205225e-03
7.114221225e-04,-3.430710640e-03
1.662714407e-03,-3.018482821e-03
2.649336355e-03,-2.275504638e-03
3.513289150e-03,-1.348999795e-03
4.108844325e-03,-3.636024776e-04
4.356304184e-03,6.070468226e-04
4.301750101e-03,1.594304806e-03
3.913602792e-03,2.526054857e-03
3.183492692e-03,3.427231219e-03
2.104822546e-03,4.108920228e-03
7.656057714e-04,4.372708965e-03
-7.335655391e-04,4.319583531e-03
-2.081805840e-03,4.007074982e-03
-2.928314498e-03,3.405049909e-03
-3.116459586e-03,2.698725788e-03
-2.447824460e-03,2.123904414e-03
-1.170694479e-03,1.591105596e-03
2.469758911e-04,1.128857024e-03
1.487143221e-03,6.236887421e-04
1.964842202e-03,-4.925657413e-05
1.500324812e-03,-9.161855560e-04
3.797982354e-04,-1.816213364e-03
-1.125524868e-03,-2.514358843e-03
-2.526016906e-03,-2.876789076e-03
-3.579002572e-03,-2.666405402e-03
-4.229153972e-03,-1.839662087e-03
-4.294981714e-03,-6.353466888e-04
-4.072289914e-03,4.847858800e-04
-3.847419284e-03,1.186330104e-03
-3.709541634e-03,1.170656527e-03
-3.661248600e-03,2.500612463e-04
-3.617702518e-03,-1.266957726e-03
-3.493879922e-03,-2.912341850e-03
-3.035590053e-03,-4.203085322e-03
-2.283631125e-03,-4.561760463e-03
-1.258219010e-03,-3.938199952e-03
-7.689189806e-05,-2.619251609e-03
9.797819657e-04,-8.859870140e-04
1.659144880e-03,7.405004581e-04
1.777090947e-03,1.635173918e-03
1.531339716e-03,1.724450034e-03
7.766323979e-04,1.234941185e-03
-2.729736152e-04,4.360134772e-04
-1.104795956e-03,-1.404455543e-04
-1.772719319e-03,-2.930569171e-04
-2.013785532e-03,4.821704715e-05
-1.864672522e-03,7.640251424e-04
-1.406477648e-03,1.444911701e-03
-8.678593440e-04,1.748045906e-03
-6.216049660e-04,1.546253916e-03
-4.709492496e-04,7.667782484e-04
-6.309037562e-04,-5.362544325e-04
-7.322269375e-04,-1.705871429e-03
-6.143757491e-04,-2.339195926e-03
-2.745732490e-04,-2.220001537e-03
6.426186301e-04,-1.218835590e-03
1.587293926e-03,3.309688764e-04
2.390702488e-03,2.185583115e-03
2.766371006e-03,3.726368770e-03
2.396445954e-03,4.544316325e-03
1.405400108e-03,4.710261244e-03
-1.405974490e-05,4.255707376e-03
-1.444783527e-03,3.426286625e-03
-2.600673120e-03,2.763470868e-03
-3.109334968e-03,2.549949801e-03
-2.944605192e-03,2.779538510e-03
-2.333115553e-03,3.499865532e-03
-1.303293742e-03,4.182408564e-03
-2.988763736e-04,4.484536592e-03
4.768826184e-04,4.137780052e-03
1.192842610e-03,3.080958966e-03
1.642555115e-03,1.639227616e-03
1.865806989e-03,2.833783765e-05
1.744305482e-03,-1.215954311e-03
9.985077195e-04,-1.752787852e-03
-2.013837802e-04,-1.456327504e-03
-1.754662837e-03,-6.538872840e-04
-3.205099609e-03,4.556458443e-04
-4.182128701e-03,1.236982294e-03
-4.505194258e-03,1.217758050e-03
-3.753348952e-03,5.878938246e-04
-2.197668189e-03,-7.535729092e-04
-2.450819593e-04,-2.226452110e-03
1.481190789e-03,-3.221779596e-03
2.507457277e-03,-3.448895412e-03
2.760162344e-03,-2.794784959e-03
2.270468511e-03,-1.440041582e-03
1.560403849e-03,9.455439431e-05
1.046496909e-03,1.238581841e-03
1.129545271e-03,1.580226119e-03
1.752265729e-03,9.982086485e-04
2.659209538e-03,-2.580974251e-04
3.604406957e-03,-1.688726363e-03
4.112399649e-03,-2.762469230e-03
4.001127090e-03,-3.195112571e-03
3.228714457e-03,-2.712244401e-03
1.975294435e-03,-1.646741643e-03
6.802742719e-04,-3.944513155e-04
-4.217306268e-04,9.168738616e-04
-1.280386117e-03,1.733150682e-03
-1.771603827e-03,1.890110085e-03
-1.825103885e-03,1.798550831e-03
-1.640252885e-03,1.641847892e-03
-1.351619954e-03,1.640286180e-03
-8.630034863e-04,1.980724744e-03
-3.411790240e-04,2.521830378e-03
1.938697387e-04,3.242418403e-03
9.014755487e-04,3.908637445e-03
1.621451229e-03,4.177291878e-03
2.256057458e-03,4.142166115e-03
2.716445131e-03,3.645313904e-03
2.994008828e-03,2.789895749e-03
3.089066362e-03,1.808181871e-03
2.789373742e-03,8.264870849e-04
2.142834244e-03,-5.485294241e-05
1.315084519e-03,-8.040209068e-04
3.605930542e-04,-1.257976983e-03
-7.893156144e-04,-1.571729430e-03
-1.831777859e-03,-1.543334685e-03
-2.701645019e-03,-1.239422010e-03
-3.506150097e-03,-8.938902756e-04
-4.112176131e-03,-3.089726379e-04
-4.471464083e-03,4.506997939e-04
-4.450174980e-03,1.161860884e-03
-4.160483368e-03,1.839196892e-03
-3.554348135e-03,2.361230319e-03
-2.621501684e-03,2.622170839e-03
-1.626734273e-03,2.696584910e-03
-5.912212655e-04,2.387949498e-03
3.102922055e-04,1.784638269e-03
8.047661395e-04,9.562762571e-04
1.072157640e-03,-1.608991151e-04
1.164856018e-03,-1.244515297e-03
1.244515297e-03,-2.214048989e-03
1.536807977e-03,-3.042002907e-03
2.031187061e-03,-3.511803458e-03
2.671726514e-03,-3.753292141e-03
3.205897054e-03,-3.647212638e-03
3.446925431e-03,-3.345583333e-03
3.003716003e-03,-2.972088521e-03
2.007463016e-03,-2.338042483e-03
6.828564801e-04,-1.696985564e-03
-6.953735137e-04,-9.884067113e-04
-1.526896842e-03,-3.067226789e-04
-1.743712113e-03,3.929845989e-04
-1.249314169e-03,9.772899793e-04
-1.864696242e-04,1.340574352e-03
1.133242971e-03,1.701912610e-03
2.407363383e-03,2.033531899e-03
3.340936266e-03,2.303975401e-03
3.900753334e-03,2.552513033e-03
4.030694254e-03,2.874781145e-03
3.821668448e-03,3.138066735e-03
3.322414588e-03,3.295059316e-03
2.589314245e-03,3.347239923e-03
1.777836238e-03,3.278844524e-03
8.352067671e-04,3.108480480e-03
-1.260725257e-04,2.980157966e-03
-1.058325754e-03,2.952043200e-03
-1.865360769e-03,2.912750002e-03
-2.514729276e-03,2.828258555e-03
-3.040944459e-03,2.692441223e-03
-3.302331315e-03,2.578714862e-03
-3.355029272e-03,2.661834471e-03
-2.904813504e-03,2.892557532e-03
-2.083661733e-03,3.337271744e-03
-1.126028015e-03,3.975001164e-03
-1.073467720e-04,4.300781991e-03
5.706585362e-04,4.335404374e-03
6.814466906e-04,3.883997444e-03
7.239202387e-05,2.747070976e-03
-1.062341384e-03,1.310451771e-03
-2.496805741e-03,-2.903228160e-04
-3.546928987e-03,-1.685527037e-03
-3.662478179e-03,-2.569359029e-03
-2.925509121e-03,-3.102361923e-03
-1.379530644e-03,-3.176908940e-03
3.307077859e-04,-2.919053659e-03
1.579855802e-03,-2.514135791e-03
1.890537329e-03,-2.007310977e-03
1.000757678e-03,-1.494818600e-03
-7.742352900e-04,-8.399297367e-04
-2.757115057e-03,-1.891467691e-04
-3.980355337e-03,2.573711681e-04
-4.155983683e-03,2.141191944e-04
-3.052417189e-03,-3.721370595e-04
-9.339239914e-04,-1.290055225e-03
1.399262692e-03,-2.361078281e-03
3.197139362e-03,-3.234087722e-03
3.692135448e-03,-3.482369008e-03
2.956244163e-03,-3.069191938e-03
1.245279447e-03,-2.065330045e-03
-7.144315750e-04,-6.572717102e-04
-2.066018293e-03,4.252289655e-04
-2.283649985e-03,8.684527129e-04
-1.164818066e-03,5.645020865e-04
7.206639857e-04,-3.600139753e-04
2.819591202e-03,-1.485524583e-03
4.357087426e-03,-2.318927553e-03
4.842153285e-03,-2.273496939e-03
4.216157831e-03,-1.484223991e-03
2.692588372e-03,-1.130950332e-04
9.074658738e-04,1.463765628e-03
-6.822820869e-04,2.530663973e-03
-1.719503896e-03,2.815836575e-03
-2.090672730e-03,2.082176041e-03
-1.874137437e-03,7.514368626e-04
-1.332153683e-03,-6.979937316e-04
-7.576835342e-04,-1.705667353e-03
-2.872327168e-04,-1.677367487e-03
2.549456076e-05,-7.065283135e-04
1.807023800e-04,9.773611091e-04
3.128934186e-04,2.784783486e-03
5.785428220e-04,4.187017679e-03
9.612792637e-04,4.716527183e-03
1.486920053e-03,4.300188739e-03
1.967092277e-03,3.222634085e-03
2.219854388e-03,1.747970004e-03
2.145416336e-03,3.532071714e-04
1.571041183e-03,-7.538339705e-04
5.018740194e-04,-1.500865910e-03
-9.660212672e-04,-1.874341513e-03
-2.430513036e-03,-2.057834994e-03
-3.349693958e-03,-2.108206972e-03
-3.540492384e-03,-2.188146347e-03
-2.897541504e-03,-2.176825423e-03
-1.518713543e-03,-2.042327542e-03
1.195458026e-04,-1.998852473e-03
1.366477110e-03,-1.974122133e-03
1.695794170e-03,-2.131617861e-03
1.144103473e-03,-2.479603514e-03
-8.828873979e-05,-2.881402848e-03
-1.576580573e-03,-3.309081076e-03
-2.574922284e-03,-3.698790446e-03
-2.781119198e-03,-3.905903548e-03
-2.070926363e-03,-4.121266305e-03
-5.764969974e-04,-4.276516847e-03
1.117901644e-03,-4.139450844e-03
2.540931106e-03,-3.832657123e-03
3.350083018e-03,-3.143254900e-03
3.508399939e-03,-2.058689250e-03
3.164154710e-03,-6.704913103e-04
2.606905531e-03,6.433828385e-04
2.218178706e-03,1.548318774e-03
2.187234815e-03,1.782350359e-03
2.530777827e-03,1.200109837e-03
3.127595410e-03,1.975721680e-04
3.772112774e-03,-1.026788610e-03
4.249479622e-03,-1.928434940e-03
4.373040982e-03,-2.112170449e-03
4.150795750e-03,-1.566394232e-03
3.794261022e-03,-2.117933036e-04
3.372971667e-03,1.346564735e-03
2.929078648e-03,2.782808850e-03
2.664772561e-03,3.794241929e-03
2.551990794e-03,4.156059586e-03
2.488864353e-03,4.278467502e-03
2.422239631e-03,4.070225172e-03
2.299940679e-03,3.826946719e-03
2.223960124e-03,3.756586229e-03
1.995244995e-03,3.773095319e-03
1.730065327e-03,3.967524972e-03
1.544673229e-03,4.188617226e-03
1.376260072e-03,4.269728903e-03
1.218726393e-03,4.215877503e-03
9.385757730e-04,4.165875725e-03
6.953355623e-04,3.981490154e-03
4.317556741e-04,3.799724393e-03
1.325233025e-04,3.681460163e-03
2.517653229e-05,3.631515428e-03
1.231153292e-04,3.618295770e-03
3.108333331e-04,3.539139638e-03
5.595370312e-04,3.409440629e-03
5.427811411e-04,3.109448822e-03
5.875948045e-05,2.756146714e-03
-8.600320434e-04,2.268180484e-03
-2.227548743e-03,1.740978099e-03
-3.588230116e-03,1.206081128e-03
-4.465625621e-03,7.433295250e-04
-4.506105557e-03,5.729986588e-04
-3.684085095e-03,6.540012546e-04
-2.115721116e-03,8.309109835e-04
-3.625249665e-04,9.339809767e-04
8.723402279e-04,1.075693872e-03
1.311975415e-03,1.140980050e-03
7.669823244e-04,1.066452009e-03
-4.407886590e-04,9.085054044e-04
-1.859446405e-03,6.443464081e-04
-2.783293137e-03,1.944298419e-04
-2.799825976e-03,-3.342630807e-04
-1.930703875e-03,-8.160537691e-04
-2.853767364e-04,-1.370943850e-03
1.529293950e-03,-1.952125807e-03
3.177915234e-03,-2.387631452e-03
4.270417150e-03,-2.651514951e-03
4.672178533e-03,-2.741920762e-03
4.617026541e-03,-2.562870272e-03
4.338380415e-03,-2.269462217e-03
4.120487720e-03,-1.974473242e-03
3.946198151e-03,-1.626696321e-03
3.904137760e-03,-1.381970360e-03
3.907332197e-03,-1.139342436e-03
3.887082683e-03,-8.976117242e-04
3.864046885e-03,-8.046189905e-04
3.898000112e-03,-6.466153427e-04
3.990546800e-03,-5.958161200e-04
4.142465070e-03,-6.133504212e-04
4.172549583e-03,-5.262910854e-04
3.964810167e-03,-4.091613519e-04
3.373641055e-03,-9.289779700e-05
2.205220284e-03,5.003693514e-04
7.873077411e-04,1.260060701e-03
-8.325296221e-04,2.091882983e-03
-2.295103855e-03,2.819068963e-03
-3.201753367e-03,3.267186694e-03
-3.660935443e-03,3.348502563e-03
-3.788474714e-03,3.156175371e-03
-3.684379393e-03,2.779424656e-03
-3.533557523e-03,2.452176996e-03
-3.472828306e-03,2.360465936e-03
-3.611602820e-03,2.369261580e-03
-3.910180181e-03,2.494721906e-03
-4.134452436e-03,2.536578337e-03
-4.294013139e-03,2.365877153e-03
-4.273132421e-03,1.794383279e-03
-4.026118666e-03,7.924578968e-04
-3.703385126e-03,-3.994163708e-04
-3.310552565e-03,-1.722067129e-03
-2.974020550e-03,-2.781470306e-03
-2.762559569e-03,-3.612495260e-03
-2.596121049e-03,-4.097613506e-03
-2.510599559e-03,-4.029298667e-03
-2.472668653e-03,-3.970164340e-03
-2.373092109e-03,-3.976487089e-03
-2.209663158e-03,-3.881932702e-03
-2.005269984e-03,-3.930021543e-03
-1.725750626e-03,-4.055163823e-03
-1.437269500e-03,-4.081104416e-03
-1.233137446e-03,-4.109850619e-03
-1.021026052e-03,-4.178036936e-03
-1.081608352e-03,-4.165320657e-03
-1.165876631e-03,-4.121674690e-03
-1.063195872e-03,-4.118385259e-03
-9.402466239e-04,-3.900174284e-03
-3.431489167e-04,-3.667386249e-03
5.546669126e-04,-3.284312785e-03
1.622993965e-03,-2.812285908e-03
2.795159817e-03,-2.433655551e-03
3.779940074e-03,-1.915865694e-03
4.433770664e-03,-1.648488455e-03
4.681733437e-03,-1.369159087e-03
4.582603462e-03,-1.038745511e-03
4.321610555e-03,-7.556946948e-04
4.052059259e-03,-5.944585428e-04
3.778843675e-03,-5.858670338e-04
3.685124684e-03,-5.824636319e-04
3.664409975e-03,-7.944467943e-04
3.588970518e-03,-8.975547389e-04
3.441661363e-03,-7.406713557e-04
3.222747939e-03,-2.142663288e-04
2.944438951e-03,8.589877398e-04
2.586727263e-03,2.212245250e-03
2.178330207e-03,3.481457708e-03
1.707490068e-03,4.377431702e-03
1.109499950e-03,4.545175470e-03
3.420904104e-04,3.796287812e-03
-5.170112709e-04,2.414725488e-03
-1.424643327e-03,6.969731767e-04
-2.253043232e-03,-9.080212330e-04
-2.795881359e-03,-2.016590908e-03
-3.067198442e-03,-2.466422040e-03
-3.144052345e-03,-2.331587020e-03
-3.019413212e-03,-2.014843980e-03
-2.891684184e-03,-1.708012191e-03
-2.907841932e-03,-1.777594094e-03
-3.015805734e-03,-2.330025425e-03
-3.301362973e-03,-3.161012195e-03
-3.547133179e-03,-3.855749732e-03
-3.471119329e-03,-4.058044869e-03
-3.078243928e-03,-3.634491470e-03
-2.286365256e-03,-2.569230972e-03
-1.211307361e-03,-1.037739217e-03
-1.098957509e-04,4.299519351e-04
6.640025531e-04,1.283822698e-03
9.439110872e-04,1.424809452e-03
8.194951806e-04,6.971013499e-04
2.354129101e-04,-5.514106597e-04
-5.375977489e-04,-2.091679024e-03
-1.173632685e-03,-3.511020215e-03
-1.469105715e-03,-4.486525431e-03
-1.449302421e-03,-5.106293131e-03
-1.092444989e-03,-5.176430568e-03
-5.199305015e-04,-4.923393019e-03
-1.982034737e-04,-4.395170137e-03
-3.845306856e-05,-3.577777883e-03
-1.881072385e-04,-2.438212279e-03
-5.996656837e-04,-1.172070974e-03
-8.924235590e-04,-5.691301340e-06
-1.063143602e-03,1.025393023e-03
-1.079951646e-03,1.432176330e-03
-8.988173795e-04,1.203085994e-03
-5.435263738e-04,5.015939823e-04
-2.275998268e-04,-5.909269676e-04
-3.733759513e-05,-1.603323617e-03
4.647025708e-05,-2.194003668e-03
-4.684999567e-06,-2.327015856e-03
-4.862526112e-05,-2.048650058e-03
-1.322290045e-04,-1.526080421e-03
-3.247791610e-04,-1.062863506e-03
-6.012843223e-04,-8.082597051e-04
-1.067178324e-03,-7.955432520e-04
-1.625319826e-03,-9.811205091e-04
-2.020644490e-03,-1.121380948e-03
-2.150661545e-03,-1.112381229e-03
-1.913463930e-03,-1.045125071e-03
-1.205055858e-03,-8.212229586e-04
-1.454106095e-04,-4.560398229e-04
9.305965505e-04,-2.245334617e-04
1.613139757e-03,-1.767056528e-04
1.685360912e-03,-2.786601544e-04
1.088671386e-03,-5.462605041e-04
-1.124969494e-04,-9.728992009e-04
-1.583444304e-03,-1.429053023e-03
-2.806276781e-03,-1.932801912e-03
-3.636148060e-03,-2.433674410e-03
-3.809858579e-03,-2.836399246e-03
-3.422807436e-03,-3.196005011e-03
-3.035200760e-03,-3.450775053e-03
-2.586523071e-03,-3.465855261e-03
-2.467238344e-03,-3.214991884e-03
-2.828980098e-03,-2.817730419e-03
-3.435561899e-03,-2.181714401e-03
-3.947033547e-03,-1.455083955e-03
-4.005014896e-03,-7.218696410e-04
-3.581181169e-03,8.499927208e-05
-2.518151654e-03,7.453373400e-04
-1.114370069e-03,1.257924712e-03
3.583051439e-04,1.479928149e-03
1.508004963e-03,1.351548708e-03
2.071671654e-03,8.696820587e-04
2.006456722e-03,4.250675920e-05
1.457409817e-03,-9.148470126e-04
7.743444876e-04,-2.102145460e-03
1.374171552e-05,-3.134957515e-03
-5.570829962e-04,-3.855844727e-03
-7.857983001e-04,-4.386056680e-03
-7.891636924e-04,-4.432806745e-03
-5.811820156e-04,-4.098116420e-03
-1.017314135e-04,-3.500814782e-03
3.546786611e-04,-2.552213846e-03
7.622403791e-04,-1.382691902e-03
1.362110139e-03,-1.182262204e-04
1.963949762e-03,1.181944157e-03
2.478469163e-03,2.361766528e-03
2.931086579e-03,3.371875267e-03
3.202033229e-03,4.175079521e-03
3.133676015e-03,4.738874733e-03
2.930232091e-03,4.974491429e-03
2.597269602e-03,4.733743146e-03
1.993982354e-03,3.979648463e-03
1.329623745e-03,2.814868232e-03
5.683136987e-04,1.416668878e-03
-3.085643984e-04,9.678534843e-05
-1.142931054e-03,-8.494326612e-04
-1.897325041e-03,-1.253719092e-03
-2.504856093e-03,-9.158865432e-04
-2.990126144e-03,-7.529225695e-05
-3.308563726e-03,9.771380574e-04
-3.501166124e-03,2.140375553e-03
-3.743309760e-03,2.930341288e-03
-3.894653870e-03,3.241397673e-03
-4.110781010e-03,3.210434923e-03
-4.258778412e-03,2.833052771e-03
-4.306435119e-03,2.236643340e-03
-4.294644576e-03,1.474051736e-03
-3.951234277e-03,5.263622734e-04
-3.585458035e-03,-5.371847656e-04
-3.168284195e-03,-1.618717099e-03
-2.839878667e-03,-2.662465675e-03
-2.748817671e-03,-3.407171695e-03
-2.782343887e-03,-3.957614303e-03
-2.931812778e-03,-4.303943366e-03
-2.921118401e-03,-4.299666733e-03
-2.696623094e-03,-4.095235374e-03
-2.212990541e-03,-3.803260624e-03
-1.393386279e-03,-3.647245932e-03
-2.318196493e-04,-3.520675004e-03
1.030695159e-03,-3.370688530e-03
2.114904579e-03,-3.277676878e-03
3.018316813e-03,-3.137843683e-03
3.699701745e-03,-2.945682732e-03
4.029745236e-03,-2.687699161e-03
4.056241363e-03,-2.442897297e-03
3.853072645e-03,-2.326194663e-03
3.468181239e-03,-2.401506063e-03
2.997151343e-03,-2.723475220e-03
2.364239655e-03,-3.142343601e-03
1.694621751e-03,-3.471266478e-03
9.001749568e-04,-3.565393621e-03
3.343580102e-05,-3.122127382e-03
-6.720909150e-04,-2.038738923e-03
-1.350243459e-03,-5.859429366e-04
-1.670636586e-03,9.815857047e-04
-1.598377479e-03,2.247166820e-03
